{
    "Mthios": 0.2,
    "T": [
        20.0,
        20.0,
        20.0,
        20.0,
        20.0,
        20.0,
        20.0,
        20.0,
        20.0,
        20.0,
        20.0,
        20.0,
        20.0
    ],
    "Vblank": 0,
    "botid": "18.0",
    "end_time": "20190615033357",
    "endpoint": 831.7438428181017,
    "init_time": "20190615033343",
    "mV": [
        391.6,
        389.8,
        387.9,
        385.8,
        378.17199999999997,
        375.88,
        368.0,
        362.23999999999995,
        358.985,
        350.54999999999995,
        348.3333333333333,
        335.25,
        324.3
    ],
    "mode": "rapid",
    "uL": [
        80.0,
        160.0,
        240.0,
        320.0,
        531.0,
        577.0,
        688.0,
        741.0,
        761.0,
        795.0,
        801.0,
        821.0,
        827.0
    ],
    "v_end": 831.7438428181017,
    "v_end_est": [
        0.0,
        0.0,
        0.0,
        730.9846054497735,
        776.5167438255361,
        787.6502957287985,
        801.3275025665359,
        821.3787695027712,
        825.0222608947352,
        831.1036897523264,
        830.7452269096981,
        831.5610841302503,
        831.7438428181017
    ],
    "vbot": 130.7943519678794
}