{
    "Mthios": 0.2,
    "T": [
        20.0,
        20.0,
        20.0,
        20.0,
        20.0,
        20.0,
        20.0,
        20.0,
        20.0,
        20.0,
        20.0,
        20.0,
        20.0,
        20.0,
        20.0,
        20.0,
        20.0,
        20.0,
        20.0,
        20.0,
        20.0,
        20.0,
        20.0,
        20.0,
        20.0,
        20.0,
        20.0,
        20.0,
        20.0,
        20.0,
        20.0,
        20.0,
        20.0
    ],
    "Vblank": 0,
    "botid": "18.0",
    "end_time": "20180119161747",
    "endpoint": 831.0167853605711,
    "init_time": "20180119161714",
    "mV": [
        391.15000000000003,
        388.85,
        386.325,
        382.97333333333336,
        377.26,
        374.5,
        371.2,
        366.8,
        360.79999999999995,
        357.04999999999995,
        352.4,
        344.3,
        336.45,
        328.3,
        326.3,
        324.3,
        319.54,
        312.02,
        304.5,
        300.74,
        296.98,
        293.22,
        289.46000000000004,
        285.70000000000005,
        281.94,
        274.42,
        266.9,
        259.38,
        251.86,
        244.5,
        240.5,
        238.255,
        236.0
    ],
    "uL": [
        100.0,
        200.0,
        300.0,
        400.0,
        550.0,
        600.0,
        650.0,
        700.0,
        750.0,
        770.0,
        790.0,
        810.0,
        820.0,
        825.0,
        826.0,
        827.0,
        828.0,
        829.0,
        830.0,
        830.5,
        831.0,
        831.5,
        832.0,
        832.5,
        833.0,
        834.0,
        835.0,
        836.0,
        837.0,
        842.0,
        847.0,
        852.0,
        862.0
    ],
    "v_end": 831.0167853605711,
    "v_end_est": [
        0.0,
        0.0,
        0.0,
        732.2216532818333,
        775.4523753061096,
        793.0755244130569,
        811.9637747175616,
        815.9122691698124,
        824.8643638797519,
        828.1188732987608,
        831.6884390089986,
        832.3054726391479,
        832.492484586674,
        831.4720139166449,
        831.0459891221599,
        831.0167853605711,
        831.1526038538013,
        830.4561179178594,
        830.5833133501785,
        830.9984874411136,
        831.6812756050897,
        832.4420413962575,
        832.9420413961768,
        833.4420413960963,
        833.9420413960161,
        834.7262258119965,
        835.5006030137382,
        836.2289790262837,
        837.2289790261254,
        840.9369395397844,
        846.9573014241653,
        856.1215586712477,
        877.1506144619489
    ],
    "vbot": 130.7943519678794
}