{
    "Mthios": 0.2,
    "T": [
        20.0,
        20.0,
        20.0,
        20.0,
        20.0,
        20.0,
        20.0,
        20.0,
        20.0,
        20.0,
        20.0,
        20.0,
        20.0,
        20.0
    ],
    "Vblank": 0,
    "botid": "18.0",
    "end_time": "20180618222351",
    "endpoint": 831.6994591862541,
    "init_time": "20180618222336",
    "mV": [
        391.6,
        391.15000000000003,
        390.02500000000003,
        388.85,
        383.22066666666666,
        378.17199999999997,
        376.444,
        368.6,
        365.40000000000003,
        359.52,
        351.28999999999996,
        348.3333333333333,
        335.25,
        324.3
    ],
    "mode": "rapid",
    "uL": [
        50.0,
        100.0,
        150.0,
        200.0,
        393.0,
        531.0,
        567.0,
        682.0,
        714.0,
        758.0,
        793.0,
        801.0,
        821.0,
        827.0
    ],
    "v_end": 831.6994591862541,
    "v_end_est": [
        0.0,
        0.0,
        0.0,
        792.5309599484658,
        730.6553432502259,
        767.2026102621858,
        781.9502019824289,
        814.4064868520437,
        817.6948188301809,
        822.7013769442149,
        830.744121657422,
        831.4805407304622,
        831.5867159702713,
        831.6994591862541
    ],
    "vbot": 130.7943519678794
}