{
    "Mthios": 0.2,
    "T": [
        20.0,
        20.0,
        20.0,
        20.0,
        20.0,
        20.0,
        20.0,
        20.0,
        20.0,
        20.0,
        20.0,
        20.0,
        20.0
    ],
    "Vblank": 0,
    "botid": "18.0",
    "end_time": "20180119161700",
    "endpoint": 831.6994591862541,
    "init_time": "20180119161646",
    "mV": [
        391.15000000000003,
        388.85,
        386.325,
        382.97333333333336,
        378.12399999999997,
        376.18,
        367.6,
        365.3,
        359.52,
        351.28999999999996,
        348.3333333333333,
        335.25,
        324.3
    ],
    "uL": [
        100.0,
        200.0,
        300.0,
        400.0,
        532.0,
        572.0,
        692.0,
        715.0,
        758.0,
        793.0,
        801.0,
        821.0,
        827.0
    ],
    "v_end": 831.6994591862541,
    "v_end_est": [
        0.0,
        0.0,
        0.0,
        732.2216532818333,
        772.4584245861683,
        791.5376817439127,
        815.0364480569435,
        817.6657757037543,
        822.6318052745848,
        831.4585800665133,
        831.4434344693602,
        831.5867159702709,
        831.6994591862541
    ],
    "vbot": 130.7943519678794
}