{
    "Mthios": 0.2,
    "T": [
        20.0,
        20.0,
        20.0,
        20.0,
        20.0
    ],
    "Vblank": 0,
    "botid": "18.0",
    "end_time": "20190615033305",
    "endpoint": 0.0,
    "init_time": "20190615033259",
    "mV": [
        391.6,
        391.6,
        391.6,
        391.6,
        391.6
    ],
    "mode": "rapid",
    "uL": [
        0.8,
        1.6,
        2.4000000000000004,
        3.2,
        3.2
    ],
    "v_end": 0.0,
    "v_end_est": [
        0.0,
        0.0,
        0.0,
        -130794.35196693859,
        -130794.3519659189
    ],
    "vbot": 130.7943519678794
}