{
    "Mthios": 0.2,
    "T": [
        20.0,
        20.0,
        20.0,
        20.0,
        20.0,
        20.0,
        20.0,
        20.0,
        20.0,
        20.0,
        20.0,
        20.0,
        20.0
    ],
    "Vblank": 0,
    "botid": "18.0",
    "end_time": "20190615033418",
    "endpoint": 831.5467453242663,
    "init_time": "20190615033404",
    "mV": [
        391.6,
        391.6,
        390.70000000000005,
        389.8,
        381.91333333333336,
        377.932,
        370.22,
        368.1,
        365.1,
        359.52,
        349.44,
        335.25,
        324.3
    ],
    "mode": "rapid",
    "uL": [
        40.0,
        80.0,
        120.0,
        160.0,
        430.0,
        536.0,
        664.0,
        687.0,
        717.0,
        758.0,
        798.0,
        821.0,
        827.0
    ],
    "v_end": 831.5467453242663,
    "v_end_est": [
        0.0,
        0.0,
        0.0,
        830.1256264342509,
        736.4434955943059,
        763.9288553645458,
        787.4090242361465,
        817.3619978231492,
        817.9605024122474,
        828.1292050899781,
        830.9345793888078,
        831.5467453242663,
        831.5442003726426
    ],
    "vbot": 130.7943519678794
}