{
    "Mthios": 0.2,
    "T": [
        20.0,
        20.0,
        20.0,
        20.0,
        20.0
    ],
    "Vblank": 0,
    "botid": "18.0",
    "end_time": "20190615033338",
    "endpoint": 0.0,
    "init_time": "20190615033332",
    "mV": [
        391.6,
        391.6,
        391.6,
        391.6,
        391.6
    ],
    "mode": "rapid",
    "uL": [
        20.0,
        40.0,
        60.0,
        80.0,
        80.0
    ],
    "v_end": 0.0,
    "v_end_est": [
        0.0,
        0.0,
        0.0,
        -130794.35196780383,
        -130794.35196805565
    ],
    "vbot": 130.7943519678794
}