{
    "Mthios": 0.2,
    "T": [
        20.0,
        20.0,
        20.0,
        20.0,
        20.0,
        20.0,
        20.0,
        20.0,
        20.0,
        20.0,
        20.0,
        20.0,
        20.0,
        20.0,
        20.0,
        20.0,
        20.0,
        20.0,
        20.0,
        20.0,
        20.0,
        20.0,
        20.0,
        20.0,
        20.0,
        20.0,
        20.0,
        20.0,
        20.0,
        20.0,
        20.0
    ],
    "Vblank": 0,
    "botid": "18.0",
    "end_time": "20190615035817",
    "endpoint": 831.472013916645,
    "init_time": "20190615035746",
    "mV": [
        391.15000000000003,
        388.85,
        386.325,
        382.97333333333336,
        377.26,
        374.5,
        371.2,
        366.8,
        360.79999999999995,
        357.04999999999995,
        352.4,
        344.3,
        336.45,
        328.3,
        319.54,
        312.02,
        304.5,
        300.74,
        296.98,
        293.22,
        289.46000000000004,
        285.70000000000005,
        281.94,
        274.42,
        266.9,
        259.38,
        251.86,
        244.5,
        240.5,
        238.255,
        236.0
    ],
    "mode": "normal",
    "uL": [
        100.0,
        200.0,
        300.0,
        400.0,
        550.0,
        600.0,
        650.0,
        700.0,
        750.0,
        770.0,
        790.0,
        810.0,
        820.0,
        825.0,
        828.0,
        829.0,
        830.0,
        830.5,
        831.0,
        831.5,
        832.0,
        832.5,
        833.0,
        834.0,
        835.0,
        836.0,
        837.0,
        842.0,
        847.0,
        852.0,
        862.0
    ],
    "v_end": 831.472013916645,
    "v_end_est": [
        0.0,
        0.0,
        0.0,
        732.2216532818334,
        775.4523753061096,
        793.0755244130567,
        811.9637747175617,
        815.9122691698119,
        824.8643638797522,
        828.1188732987608,
        831.6884390089986,
        832.3054726391479,
        832.4924845866742,
        831.472013916645,
        830.9870986881526,
        830.6383301058507,
        830.775661498747,
        830.9984874411138,
        831.6812756050899,
        832.442041396258,
        832.9420413961774,
        833.4420413960963,
        833.9420413960161,
        834.7262258119964,
        835.5006030137384,
        836.2289790262835,
        837.2289790261253,
        840.9369395397844,
        846.9573014241652,
        856.1215586712478,
        877.1506144619487
    ],
    "vbot": 130.7943519678794
}