{
    "Mthios": 0.2,
    "T": [
        20.0,
        20.0,
        20.0,
        20.0,
        20.0,
        20.0,
        20.0,
        20.0,
        20.0,
        20.0,
        20.0,
        20.0,
        20.0
    ],
    "Vblank": 0,
    "botid": "B-05",
    "end_time": "20180119163212",
    "endpoint": 831.6992987439027,
    "init_time": "20180119163159",
    "mV": [
        391.15000000000003,
        388.85,
        386.325,
        382.97333333333336,
        378.12399999999997,
        376.18,
        367.7,
        365.3,
        359.52,
        351.28999999999996,
        348.3333333333333,
        335.25,
        324.3
    ],
    "uL": [
        100.0,
        200.0,
        300.0,
        400.0,
        532.0,
        572.0,
        691.0,
        715.0,
        758.0,
        793.0,
        801.0,
        821.0,
        827.0
    ],
    "v_end": 831.6992987439027,
    "v_end_est": [
        0.0,
        0.0,
        0.0,
        732.0884689982704,
        772.3661432768179,
        791.4674624354631,
        814.9734186914877,
        817.647562933191,
        822.6444084110442,
        831.4026977122885,
        831.4409537164097,
        831.5858948733846,
        831.6992987439027
    ],
    "vbot": 142.0180709737918
}