{
    "Mthios": 0.2,
    "T": [
        20.0,
        20.0,
        20.0,
        20.0,
        20.0,
        20.0,
        20.0,
        20.0,
        20.0,
        20.0,
        20.0,
        20.0,
        20.0,
        20.0,
        20.0,
        20.0,
        20.0,
        20.0,
        20.0,
        20.0,
        20.0,
        20.0,
        20.0,
        20.0,
        20.0,
        20.0,
        20.0,
        20.0,
        20.0,
        20.0,
        20.0
    ],
    "Vblank": 0,
    "botid": "B-05",
    "end_time": "20180119163130",
    "endpoint": 831.4717768300161,
    "init_time": "20180119163059",
    "mV": [
        391.15000000000003,
        388.85,
        386.325,
        382.97333333333336,
        377.26,
        374.5,
        371.2,
        366.8,
        360.79999999999995,
        357.04999999999995,
        352.4,
        344.3,
        336.45,
        328.3,
        319.54,
        312.02,
        304.5,
        300.74,
        296.98,
        293.22,
        289.46000000000004,
        285.70000000000005,
        281.94,
        274.42,
        266.9,
        259.38,
        251.86,
        244.5,
        240.5,
        238.255,
        236.0
    ],
    "uL": [
        100.0,
        200.0,
        300.0,
        400.0,
        550.0,
        600.0,
        650.0,
        700.0,
        750.0,
        770.0,
        790.0,
        810.0,
        820.0,
        825.0,
        828.0,
        829.0,
        830.0,
        830.5,
        831.0,
        831.5,
        832.0,
        832.5,
        833.0,
        834.0,
        835.0,
        836.0,
        837.0,
        842.0,
        847.0,
        852.0,
        862.0
    ],
    "v_end": 831.4717768300161,
    "v_end_est": [
        0.0,
        0.0,
        0.0,
        732.0884689982704,
        775.3643567141578,
        793.012166592369,
        811.9177262495022,
        815.8920677817408,
        824.8525132708803,
        828.1117200248298,
        831.6844268311561,
        832.3041165979088,
        832.491877983732,
        831.4717768300161,
        830.9870397526627,
        830.6383149405137,
        830.7756568464299,
        830.9984858352996,
        831.6812739692164,
        832.4420397245599,
        832.9420397244908,
        833.4420397244221,
        833.9420397243532,
        834.7262241264515,
        835.5006013797993,
        836.2289773911605,
        837.2289773910262,
        840.9369352384335,
        846.9572833620219,
        856.1214745524798,
        877.150232598512
    ],
    "vbot": 142.0180709737918
}