{
    "Mthios": 0.2,
    "T": [
        20.0,
        20.0,
        20.0,
        20.0,
        20.0
    ],
    "Vblank": 0,
    "botid": "18.0",
    "end_time": "20190615033322",
    "endpoint": 0.0,
    "init_time": "20190615033317",
    "mV": [
        391.6,
        391.6,
        391.6,
        391.6,
        391.6
    ],
    "mode": "rapid",
    "uL": [
        8.0,
        16.0,
        24.0,
        32.0,
        32.0
    ],
    "v_end": 0.0,
    "v_end_est": [
        0.0,
        0.0,
        0.0,
        -130794.35196810869,
        -130794.35196732599
    ],
    "vbot": 130.7943519678794
}