time,uL,mV,gF,temp,v_end_est
20180417170124,100.0,371.4,718747428366.0,20.7,0.0
20180417170141,200.0,367.3,520320519147.0,20.7,0.0
20180417170159,300.0,362.0,342612572591.0,20.7,0.0
20180417170220,400.0,354.0,182272339132.0,20.7,0.0
20180417170238,436.0,349.5,127785690272.0,20.7,510.237759891
20180417170254,450.0,347.1,104750005806.0,20.8,516.045192623
20180417170326,486.0,338.4,52716892683.1,20.8,520.372511501
20180417170358,510.0,323.7,16518308791.2,20.8,521.075827854
20180417170420,516.0,312.6,6876476509.32,20.8,521.048552213
