time,uL,mV,gF,temp,v_end_est
20180420164420,20.0,353.3,169041323075.0,21.0,0.0
20180420164452,40.0,350.7,136420922938.0,21.1,0.0
20180420164524,60.0,347.6,106845409807.0,21.1,0.0
20180420164600,80.0,343.0,74344376374.5,21.1,0.0
20180420164640,98.0,336.9,45956948364.0,21.1,127.513812852
20180420164724,118.0,322.7,14996663116.0,21.1,127.235620818
20180420164755,122.0,315.8,8702573385.2,21.1,127.562892937
